{
com.badlogic.gdx.graphics.Color: {
	green: { g: 1, a: 1 },
	light grey: { r: 0.8, g: 0.8, b: 0.8, a: 1 },
	dark grey: { r: 0.2, g: 0.2, b: 0.2, a: 1 },
	white: { r: 1, g: 1, b: 1, a: 1 },
	red: { r: 1, a: 1 },
	grey: { r: 0.7, g: 0.7, b: 0.7, a: 1 },
	blue: { b: 0.4, a: 1 },
	black: { a: 1 }
},
com.badlogic.gdx.graphics.g2d.BitmapFont: {
	font_artifice_rs-_regular_40pt: { file: font_artifice_rs-_regular_40pt.fnt },
	font_oatmeal_and_raisins_20pt: { file: font_oatmeal_and_raisins_20pt.fnt }
},
com.badlogic.gdx.scenes.scene2d.ui.Skin$TintedDrawable: {
	dialogDim: {
		name: white,
		color: { a: 1, b: 0.2, g: 0.2, r: 0.2 }
	}
},
com.badlogic.gdx.scenes.scene2d.ui.ProgressBar$ProgressBarStyle: {
	default: { background: default-scroll, knobBefore: default-round-large }
},
com.badlogic.gdx.scenes.scene2d.ui.TextButton$TextButtonStyle: {
	"default black": {
		font: font_oatmeal_and_raisins_20pt,
		fontColor: { a: 1, b: 1, g: 1, r: 1 },
		downFontColor: { a: 1, b: 0.2, g: 0.2, r: 0.2 },
		up: black_round,
		down: dark_grey_round
	},
	default: {
		font: font_oatmeal_and_raisins_20pt,
		fontColor: { a: 1, b: 1, g: 1, r: 1 },
		disabledFontColor: { a: 1, b: 0.8, g: 0.8, r: 0.8 },
		up: dark_blue_round,
		down: light_blue_round
	},
	"toggle black": {
		font: font_oatmeal_and_raisins_20pt,
		fontColor: { a: 1, b: 1, g: 1, r: 1 },
		downFontColor: { a: 1, b: 0.2, g: 0.2, r: 0.2 },
		checkedFontColor: { a: 1 },
		up: black_round,
		down: dark_grey_round,
		checked: dark_grey_round
	},
	toggle: {
		font: font_oatmeal_and_raisins_20pt,
		fontColor: { a: 1, b: 1, g: 1, r: 1 },
		downFontColor: { a: 1, b: 0.8, g: 0.8, r: 0.8 },
		up: dark_blue_round,
		down: light_blue_round,
		checked: light_blue_round
	}
},
com.badlogic.gdx.scenes.scene2d.ui.ImageButton$ImageButtonStyle: {
	"default black": { up: black_round, down: dark_grey_round },
	default: { up: dark_blue_round, down: light_blue_round }
},
com.badlogic.gdx.scenes.scene2d.ui.SplitPane$SplitPaneStyle: {
	default-vertical: { handle: default-splitpane-vertical },
	default-horizontal: { handle: default-splitpane }
},
com.badlogic.gdx.scenes.scene2d.ui.Touchpad$TouchpadStyle: {
	default: { background: default-pane, knob: default-round-large }
},
com.badlogic.gdx.scenes.scene2d.ui.Button$ButtonStyle: {
	"default black": { up: black_round, down: dark_grey_round },
	default: { up: dark_blue_round, down: light_blue_round },
	"toggle black": { up: black_round, down: dark_grey_round, checked: dark_grey_round },
	toggle: { up: dark_blue_round, down: light_blue_round, checked: light_blue_round }
},
com.badlogic.gdx.scenes.scene2d.ui.Window$WindowStyle: {
	default: {
		background: default-window,
		titleFont: font_oatmeal_and_raisins_20pt,
		titleFontColor: { a: 1, b: 1, g: 1, r: 1 }
	},
	dialog: {
		background: default-window,
		titleFont: font_oatmeal_and_raisins_20pt,
		titleFontColor: { a: 1, b: 1, g: 1, r: 1 },
		stageBackground: dialogDim
	}
},
com.badlogic.gdx.scenes.scene2d.ui.TextField$TextFieldStyle: {
	"default black": {
		font: font_oatmeal_and_raisins_20pt,
		fontColor: { a: 1, b: 0.2, g: 0.2, r: 0.2 },
		background: dark_grey_dot,
		cursor: default-rect,
		selection: selection
	},
	default: {
		font: font_oatmeal_and_raisins_20pt,
		fontColor: { a: 1, b: 1, g: 1, r: 1 },
		background: light_blue_dot,
		cursor: cursor,
		selection: selection
	}
},
com.badlogic.gdx.scenes.scene2d.ui.ScrollPane$ScrollPaneStyle: {
	default: {
		background: default-rect,
		hScroll: default-scroll,
		hScrollKnob: default-round-large,
		vScroll: default-scroll,
		vScrollKnob: default-round-large
	}
},
com.badlogic.gdx.scenes.scene2d.ui.Label$LabelStyle: {
	optional: {
		font: font_oatmeal_and_raisins_20pt,
		fontColor: { a: 1, b: 0.7, g: 0.7, r: 0.7 }
	},
	default: {
		font: font_oatmeal_and_raisins_20pt,
		fontColor: { a: 1, b: 1, g: 1, r: 1 }
	},
	error: {
		font: font_oatmeal_and_raisins_20pt,
		fontColor: { a: 1, r: 1 }
	},
	title: {
		font: font_artifice_rs-_regular_40pt,
		fontColor: { a: 1, b: 0.4 }
	}
},
com.badlogic.gdx.scenes.scene2d.ui.List$ListStyle: {
	default: {
		font: font_oatmeal_and_raisins_20pt,
		fontColorSelected: { a: 1, b: 1, g: 1, r: 1 },
		fontColorUnselected: { a: 1, b: 1, g: 1, r: 1 },
		selection: selection
	},
	dimmed: {
		font: font_oatmeal_and_raisins_20pt,
		fontColorSelected: { a: 1, b: 1, g: 1, r: 1 },
		fontColorUnselected: { a: 1, b: 1, g: 1, r: 1 },
		selection: selection,
		background: dialogDim
	}
},
com.badlogic.gdx.scenes.scene2d.ui.CheckBox$CheckBoxStyle: {
	"default black": {
		checkboxOn: "black checked",
		checkboxOff: "black unchecked",
		font: font_oatmeal_and_raisins_20pt,
		fontColor: { a: 1, b: 1, g: 1, r: 1 }
	},
	default: {
		checkboxOn: "dark blue checked",
		checkboxOff: "dark blue unchecked",
		font: font_oatmeal_and_raisins_20pt,
		fontColor: { a: 1, b: 1, g: 1, r: 1 }
	}
},
com.badlogic.gdx.scenes.scene2d.ui.Tree$TreeStyle: {
	default: { plus: tree-plus, minus: tree-minus, selection: default-select-selection }
},
com.badlogic.gdx.scenes.scene2d.ui.Slider$SliderStyle: {
	default-vertical: { background: default-slider, knob: default-slider-knob },
	default-horizontal: { background: default-slider, knob: default-slider-knob }
},
com.badlogic.gdx.scenes.scene2d.ui.SelectBox$SelectBoxStyle: {
	default: {
		font: font_oatmeal_and_raisins_20pt,
		fontColor: { a: 1, b: 1, g: 1, r: 1 },
		background: default-select,
		scrollStyle: default,
		listStyle: default
	}
}
}